path,datasetId
dbpedia/bench-dbpedia-20151025-lsq2,dbpedia-20151025
dbpedia/bench-dbpedia-20151124-lsq2,dbpedia-20151124
dbpedia/bench-dbpedia-20151126-lsq2,dbpedia-20151126
dbpedia/bench-dbpedia-20151213-lsq2,dbpedia-20151213
dbpedia/bench-dbpedia-20151230-lsq2,dbpedia-20151230
dbpedia/bench-dbpedia-20160117-lsq2,dbpedia-20160117
dbpedia/bench-dbpedia-20160212-lsq2,dbpedia-20160212
dbpedia/bench-dbpedia-20160222-lsq2,dbpedia-20160222
dbpedia/bench-dbpedia-20160301-lsq2,dbpedia-20160301
dbpedia/bench-dbpedia-20160303-lsq2,dbpedia-20160303
dbpedia/bench-dbpedia-20160304-lsq2,dbpedia-20160304
dbpedia/bench-dbpedia-20160314-lsq2,dbpedia-20160314
dbpedia/bench-dbpedia-20160411-lsq2,dbpedia-20160411
dbpedia/bench-dbpedia.3.5.1.log-lsq2,dbpedia.3.5.1.log
wikidata/bench-wikidata-interval1-organic-lsq2,wikidata-interval1-organic
wikidata/bench-wikidata-interval2-organic-lsq2,wikidata-interval2-organic
wikidata/bench-wikidata-interval3-organic-lsq2,wikidata-interval3-organic
wikidata/bench-wikidata-interval4-organic-lsq2,wikidata-interval4-organic
wikidata/bench-wikidata-interval5-organic-lsq2,wikidata-interval5-organic
wikidata/bench-wikidata-interval6-organic-lsq2,wikidata-interval6-organic
wikidata/bench-wikidata-interval7-organic-lsq2,wikidata-interval7-organic
bench-affymetrix-lsq2,bio2rdf-affymetrix
bench-biomedels-lsq2,bio2rdf-biomodels
bench-bioportal-lsq2,bio2rdf-bioportal
bench-ctd-lsq2,bio2rdf-ctd
bench-dbsnp-lsq2,bio2rdf-dbsnp
bench-drugbank-lsq2,bio2rdf-drugbank
bench-genage-lsq2,bio2rdf-genage
bench-gendr-lsq2,bio2rdf-gendr
bench-gene-lsq2,bio2rdf-gene
bench-goa-lsq2,bio2rdf-goa
bench-hgnc-lsq2,bio2rdf-hgnc
bench-homologene-lsq2,bio2rdf-homologene
bench-irefindex-lsq2,bio2rdf-irefindex
bench-kegg-lsq2,bio2rdf-kegg
bench-linkedspl-lsq2,bio2rdf-linkedspl
bench-mgi-lsq2,bio2rdf-mgi
bench-ncbigene-lsq2,bio2rdf-ncbigene
bench-omim-lsq2,bio2rdf-omim
bench-pharmgkb-lsq2,bio2rdf-pharmgkb
bench-sabiork-lsq2,bio2rdf-sabiork
bench-sgd-lsq2,bio2rdf-sgd
bench-sidr-lsq2,bio2rdf-sidr
bench-taxonomy-lsq2,bio2rdf-taxonomy
bench-wormbase-lsq2,bio2rdf-wormbase
bench-linkedGeoData-lsq2,linkedGeoData
bench-swdf-lsq2,swdf

